{
  "source": {
    "articles": "/Users/qraft_deullee/Music/Documents/02. MX /fam/data/somedaynews_article_tickers.json",
    "manifest": "/Users/qraft_deullee/Music/Documents/02. MX /fam/data/eodhd_news_windows/manifest.json",
    "path_definition": "analyze_10m_return_path.extract_series, 마지막 10분봉 누적 수익률"
  },
  "multiple_testing": {
    "n_tests": 11,
    "alpha": 0.05,
    "bonferroni_threshold": 0.004545454545454546,
    "note": "MWU를 11개 변수에 보정 없이 수행. Bonferroni 기준 유의 임계값 = 0.05/11 = 0.0045. 이 값 미만인 변수만 통계적으로 유의."
  },
  "counts": {
    "positive_final": 379,
    "negative_final": 733,
    "zero_final_excluded": 28
  },
  "publish_hour_after_16_share": {
    "positive": 0.05013192612137203,
    "negative": 0.15006821282401092
  },
  "features": {
    "vol_ratio_eod": {
      "positive": {
        "n": 373,
        "mean": 2.1487648211288737,
        "median": 0.8122293506661166,
        "stdev": 5.664996939504587
      },
      "negative": {
        "n": 723,
        "mean": 2.152253915896783,
        "median": 0.7546081718186544,
        "stdev": 8.692520547559717
      },
      "mann_whitney_p": 0.311025975520581
    },
    "event_day_ret": {
      "positive": {
        "n": 379,
        "mean": 0.007795011666126857,
        "median": 0.0,
        "stdev": 0.0521643650885207
      },
      "negative": {
        "n": 723,
        "mean": 0.0036290166282773673,
        "median": -0.00649350649350644,
        "stdev": 0.19225379044191024
      },
      "mann_whitney_p": 1.2981942253643108e-05
    },
    "ret_1d_pre": {
      "positive": {
        "n": 379,
        "mean": 0.005727014639609208,
        "median": -0.00440205429200291,
        "stdev": 0.06989099377772752
      },
      "negative": {
        "n": 723,
        "mean": 0.004674876971329095,
        "median": -0.002320185614849146,
        "stdev": 0.07004800452898903
      },
      "mann_whitney_p": 0.015354950033914405
    },
    "ret_5d_pre": {
      "positive": {
        "n": 379,
        "mean": 0.012038845814617312,
        "median": -0.013289036544850474,
        "stdev": 0.12606012128938165
      },
      "negative": {
        "n": 723,
        "mean": 0.029244367034364147,
        "median": -0.008695652173912993,
        "stdev": 0.1818845850211938
      },
      "mann_whitney_p": 0.369249507864604
    },
    "ret_10d_pre": {
      "positive": {
        "n": 379,
        "mean": 0.0007067187691975302,
        "median": -0.02454873646209388,
        "stdev": 0.17587783474241955
      },
      "negative": {
        "n": 711,
        "mean": 0.032278198139187794,
        "median": -0.0268656716417911,
        "stdev": 0.26597256744136283
      },
      "mann_whitney_p": 0.3269933803314998
    },
    "close_vs_ma5_pre": {
      "positive": {
        "n": 379,
        "mean": 0.004962889086613556,
        "median": -0.004130335016062414,
        "stdev": 0.06620521484111455
      },
      "negative": {
        "n": 723,
        "mean": 0.006598035745196529,
        "median": -0.003561254425695548,
        "stdev": 0.07966325937784499
      },
      "mann_whitney_p": 0.32036158274635507
    },
    "close_vs_ma20_pre": {
      "positive": {
        "n": 292,
        "mean": -0.005224107944689573,
        "median": -0.02671688231844993,
        "stdev": 0.1292054852031307
      },
      "negative": {
        "n": 552,
        "mean": 0.014341564365174789,
        "median": -0.029414110590280762,
        "stdev": 0.1699601174278431
      },
      "mann_whitney_p": 0.2588263873390466
    },
    "overnight_gap": {
      "positive": {
        "n": 367,
        "mean": -0.0007167277557323014,
        "median": -0.0012499999999999734,
        "stdev": 0.02062908116896623
      },
      "negative": {
        "n": 710,
        "mean": 0.0018034069285342924,
        "median": 0.0,
        "stdev": 0.029376554973796175
      },
      "mann_whitney_p": 0.09477153674804971
    },
    "open_to_anchor_pct": {
      "positive": {
        "n": 378,
        "mean": -0.13402745704620458,
        "median": 0.0,
        "stdev": 2.1969553924467293
      },
      "negative": {
        "n": 727,
        "mean": -0.5357613462269716,
        "median": -0.3529411764705892,
        "stdev": 3.8758524074749006
      },
      "mann_whitney_p": 0.014897769032721034
    },
    "pre_publish_range_pct": {
      "positive": {
        "n": 378,
        "mean": 0.9842105429287716,
        "median": 0.0,
        "stdev": 2.3993443970388633
      },
      "negative": {
        "n": 727,
        "mean": 1.3428146236841094,
        "median": 0.0,
        "stdev": 2.851095881064467
      },
      "mann_whitney_p": 0.017338583422977043
    },
    "final_ret": {
      "positive": {
        "n": 379,
        "mean": 0.08245373878418337,
        "median": 0.04800000000000004,
        "stdev": 0.11735080688249848
      },
      "negative": {
        "n": 733,
        "mean": -0.08248060888630075,
        "median": -0.06418485237483951,
        "stdev": 0.07102133269466603
      },
      "mann_whitney_p": 7.211340427002449e-165
    }
  },
  "notes_ko": [
    "막 봉 누적수익률 >0 인 그룹과 <0 인 그룹의 변수별 평균·중앙값을 비교한 것입니다.",
    "⚠ event_day_ret 는 '이벤트 첫 거래일' 일봉 종가/전일종가입니다. 이 종가는 10일 경로(D0~D9)의 D0 종가와 같은 날이므로 경로 결과(막 봉 방향)와 직접 겹칩니다. 따라서 이 변수의 p값(예: <0.0001)은 사후 군집 설명에 가깝고, 독립적인 선행 예측 신호로 해석하면 안 됩니다.",
    "open_to_anchor_pct 는 당일 시가 대비 기사 공개 직후 기준가(첫 유효 5분봉 종가)까지 변화율(%)입니다.",
    "close_vs_ma5_pre / close_vs_ma20_pre 는 이벤트일 직전 거래일 종가가 각 이동평균 대비 얼마나 위에 있었는지(비율-1)입니다.",
    "vol_ratio_eod 는 이벤트일 일봉 거래량 / 직전 20거래일 평균 거래량입니다. 중앙값 기준으로는 두 그룹 모두 1× 미만이며, 평균이 높아 보이는 것은 극단치 때문입니다. '시끄러운 날' 해석 시 mean이 아닌 median을 참고하세요.",
    "다중검정 주의: 11개 변수에 대해 보정 없이 MWU를 수행했습니다. Bonferroni 기준 유의 임계값은 0.05/11 ≈ 0.0045입니다. p < 0.0045 를 충족하지 못하는 변수는 통계적으로 유의하다고 단정하기 어렵습니다."
  ]
}